Название университета + местоположение,Общее заключение по университету и финансированию,Наличие стипендий и финансирования (merit-based/need-based),Рейтинг,Локация,Процент принятия студентов (acceptance rate),Самые популярные специализации,Дедлайны подачи документов,Что необходимо подать? (ссылка + дополнительная информация),TOEFL/IELTS,SAT/ACT,GPA,Стоимость образования,Стоимость проживаня,Need-based scholarship (на основе финансов) ,Merit-based scholarship ,"% студентов, которые получают финансирование",Средняя сумма стипендии,Сбор за подачу документов + есть ли fee waiver,Контакты,Ссылки,,,,,,,,
Orange - RD with engineering,Blue - 50/50,Green - EA ,Pink - good but no major,,,,,,,,,,,,,,,,,,,,,,,,,
DREAM UNIVERSITIES,"Университеты, которые входят в этот список очень селективные и конкурентные. Они принимают до 30% всех поступающих, поэтому в них достаточно трудно попасть, однако, они очень щедрые.",,,,,,,,,,,,,,,,,,,,,,,,,,,
University of Notre Dame,"Нужно сдатьSAT на очень сильный балл, если хочешь получить стипендию

Need-based (покроет 100% твомх потребностей) STAMPS (tution and fees)",Да,#19 in National Universities (по рейтингу US News),"Саунт-Бенд, Индиана",19%,"https://www.nd.edu/academics/undergraduate-programs/
18%Business/Marketing
17%Social Sciences
13%Engineering
8%Biology
5%Computer and Information Sciences
5%Foreign Languages and Literature
5%Mathematics
5%Visual and Performing Arts",примерно 12% от всего student body,"1. Common or Coalition Application; The Notre Dame Writing Supplement via the Common Application or Coalition Application. 
2. Необязательно: Результаты ваших оценок ACT или SAT - Нотр-Дам является тестом-необязательно для циклов подачи заявок 2022 и 2023 годов. Студенты могут выбрать, включать или не включать результаты тестов при подаче своих заявлений. Узнайте больше о дополнительной программе тестирования.
3.Официальные результаты TOEFL, IELTS, DET или PTE Academic
4.Официальные транскрипты средней школы или запись об успеваемости в средней школе
5. Письмо с оценкой от учителя средней школы в основной учебной предметной области, который хорошо вас знает
6. Оценка консультанта (рекомендуется, не требуется)
7. Невозвращаемый вступительный взнос в размере 75 долларов США
8. Завершенная сертификация финансов плюс финансовая документация, подтверждающая итоговые данные по сертификации финансов, представленные через ваш портал статуса заявителя
9.Копия вашего паспорта, предоставленная через портал статуса заявителя
10. Если вы подаете заявку на получение необходимой финансовой помощи, заполненный CSS  Profile","TOEFL: 100+
IELTS: 7.5 
Duolingo English Test (DET): 120 ",Не обязательно на 2022-2023 Средний 1520 (у 75% процентов подающих),4.0,"$58,843","$16,304",Может покрыть 100% твоих потребностей,"STAMPS (покроет обучение, проживание и другие сборы и расходы) ",68%," $57,418",$75,https://www.nd.edu/about/contact/,"https://scholars.nd.edu/awards/list-of-awards/stamps-notre-dame-scholarship/

https://financialaid.nd.edu/apply-or-renew/international-students/ ",,,, ,CSS + дополнительные формы,$75,,
University of Richmond ,"Это очкень хороший вуз, который готов покрыть все рассходы 25 студентам - это очень хорошо. ","Да, Merit based",#22 in National Liberal Arts Colleges,"Ричмонд, Виргиния",28.00%,"Business/Marketing : 36.0%
Social Sciences : 16.0%
Biology : 9.0%
Interdisciplinary Studies : 7.0%
Psychology : 5.0%

https://www.richmond.edu/academics/majors/","https://www.richmond.edu/academics/majors/index.html - ALL MAJORS 

Economics (Arts & Sciences) - https://undergraduatecatalog.richmond.edu/curriculum/as-programs/department/economics.html 

Political Science - https://polisci.richmond.edu/ 

Sociology - https://socanth.richmond.edu/ ","Common Application 
Tests","TOEFL 80 - 100
IELTS 7.5
Duolingo 125",Не обязательно,3.25 - 3.49,"$56,860","$13,430     ",Не доступно,"Самые престижные академические награды университета, эти стипендии предоставляются 25 поступающим студентам и включают полное обучение плюс проживание и питание.",64%,"$41,609",$50 or  fee waiver,https://admissions.richmond.edu/contact/index.html,"https://scholars.richmond.edu/about/index.html 

The University's most prestigious academic awards, these scholarships are given to 25 incoming students and include full tuition plus room and board.

https://financialaid.richmond.edu/types-of-aid/merit-based/scholarships.html

https://admissions.richmond.edu/process/international/index.html#testscores",,,,,,,,
Georgetown University,Университет требует предоставить баллы за SAT. А так же можно получить стипендию только на основе потребностей (need based) ,"Дa, need - based",#24,Вашингтон Д.С.,15%,"33% Social Sciences 
26% Business/Marketing 
7% Interdisciplinary Studies
https://www.georgetown.edu/academics/areas-of-study/",,"1. Шаг первый – Заполните и отправьте заявку в Georgetown Application.. Заполнение этой формы займет у вас всего десять-пятнадцать минут.
2. В течение 24 часов после подачи заявки в Джорджтаун вы получите электронное письмо с инструкциями о том, как создать учетную запись для подачи заявки, чтобы вы могли начать работу над дополнением к заявке.

https://uadmissions.georgetown.edu/applying/international/#TestRequirements","""TOEFL
IELTS
Duolingo""","Требует SAT. 
Ср. балл - 1380-1550",3.89,"$56,058",$16K,"Поступившие студенты, которые запросили финансовую помощь и не являются гражданами или постоянными жителями США, будут рассматриваться на получение очень ограниченного числа стипендий на основе потребностей.",Не доступно,53%,43K,"$75, or a fee waiver",rubinr@georgetown.edu - Офис для иностранных студентов,"https://uadmissions.georgetown.edu/applying/first-year-application/
https://uadmissions.georgetown.edu/applying/international/#TestRequirements",,,,,,,,
University of Pennsylvania ,Это университет Лиги Плюща. Они принимают мало студентов и скорее всего потребуют SAT. Здесь можно получить только need-based стипендию. ,"Дa, need - based",#6,"Филадельфия, Пенсильвания",8.00%,"21% Business/Marketing
14% Social Sciences 
10% Biology 
10% Engineering 
10% Health Professions 
6% Computer and Information Sciences 
6% Philosophy and Religious Studies
https://catalog.upenn.edu/programs/",,"Common Application
https://admissions.upenn.edu/admissions-and-financial-aid
https://admissions.upenn.edu/admissions-and-financial-aid/apply-admission/first-year-admission/first-year-admission-checklist","""TOEFL
IELTS
Duolingo""","Не нужно было сдавать на 2021 год, про 2022 еще не известно

Ср. балл - 1470-1570",3.9,"$57,77",$16K,Пенн стремится на 100% удовлетворить ваши заявленные потребности с помощью грантов. Но она очень ограничена. В последние годы они предложили в среднем 45 премий за помощь поступившим международным первокурсникам.,Не доступно,58.%,$46K,$75,https://ask.admissions.upenn.edu/hc/en-us/requests/new,"https://admissions.upenn.edu/admissions-and-financial-aid/cost-and-financial-aid
https://admissions.upenn.edu/admissions-and-financial-aid/apply-for-admission",,,,,,,,
Rice University ,"Можно получить Need-based, merit-based стипендии. Это dream university, ведь они принимают всего 9% студентов, а также  у университета высокие требования к своим будущим студентам",Да,#16,"Хьюстон, Техас",9%,"18%Engineering 
13%Social Sciences 
10%Computer and Information Sciences 
8%Biology 
8%Parks And Recreation
7%Mathematics
6%Interdisciplinary Studies
5%Visual and Performing Arts
https://www.rice.edu/departments",,"1. Заявление Коалиции или онлайн-заявка на сайте Common Application и дополнительное эссе для вуза
2. невозвращаемый заявочный взнос в размере 75 долларов (должен быть оплачен онлайн)
3. Транскрипт
4. Рекомендательные Письма
5. Демонстрация владения английским языком
6. Финансовая Отчетность Иностранных Студентов
https://admission.rice.edu/apply/first-year-international-applicants",TOEFL 100 IELTS 7 Duolingo 120,"Не обязательно на 2022 год. 
Ср. балл - 1470-1570",4. 0,"$50,310","$21,000","Иностранные студенты, получающие финансовую помощь на основе потребностей, будут на 100% удовлетворены счет институциональной грантовой помощи.

Университет Райса предлагает финансовую помощь, основанную на потребностях, ограниченному числу иностранных абитуриентов, поступающих в осенний семестр. Университет Райса использует CSS Profile для иностранных студентов, подающих заявки на получение финансовой помощи.","Получатели стипендий, основанных на заслугах, как правило, отличаются академическим и личным достижениями. 
Например:

лидеры политических и общественных организаций 
победители математических/научных конкурсов
творческие и исполнительские деятели
предприниматели
ученые-спортсмены
выдающиеся писатели

Все поступившие кандидаты-первокурсники автоматически рассматриваются на получение стипендий, основанных на заслугах, так что никаких отдельных форм заявлений или собеседований не требуется. ",69%,40K,"$75
Нет возможности получить fee waiver","admission@rice.edu - приемная комиссия

Adria Baker
Офис для иностранных студентов:
abaker@rice.edu","https://financialaid.rice.edu/international
https://financialaid.rice.edu/calculate-my-cost - price net calculator
https://ga.rice.edu/undergraduate-students/academic-policies-procedures/admission/#text
https://admission.rice.edu/apply/first-year-international-applicants",,,,,,,,
Amherst College,"Очень щедрый вуз, который может покрыть до 100% вашего образования. Но поступить будет очень тяжело, колледж принимает только 11% от всех поступающих студентов","Дa, need - based",#20,"Амхерст, Массачусетс",11%,"20% Social Sciences 
13% Mathematics 
10% Biology 
8% Psychology 
7% Computer and Information Sciences 
7% Foreign Languages and Literature 
6% English 
5%Area and Ethnic Studies 5% History 
5% Visual and Performing Arts

https://www.amherst.edu/academiclife/departments",7:1 ratio,"1. Common Application 
2. Дополнительное эссе для вуза 
3. Транскрипт 
4. Невозвращаемый сбор за подачу заявки $65 или fee waiver
5. Рекомендация учителя (2)
6.Школьный отчет
7. Результаты тестов

https://www.amherst.edu/admission/apply/firstyear

https://www.amherst.edu/admission/apply/international","TOEFL 100
IELTS 7.5","Не обязательно.
Ср. балл - 1410-1550",4.0,"$75,800","$10,000","Удовлетворяют 100% продемонстрированных финансовых потребностей межународного студента, если он подался на финансовую помощь. ",Не доступно,66%,58K,$60 or fee waiver,"finaid@amherst.edu - Офис по финансовой помощи
admission@amherst.edu - приемная комиссия",https://www.amherst.edu/offices/financialaid,,,,,https://www.amherst.edu/admission/apply/international,admission@amherst.edu.,,
Washington University in St. Louis,Вуз может покрыть 100% твоих потребностей. Чтобы получить большую стипендию тебе нужно сдать SAT на высокий балл (этому вузу очень важны цифры). ,"Да, Need-based",#16 in National Universities (US News),"Сент-Луис, Миссури",14%,"https://admissions.wustl.edu/academics/majors-and-programs/

14%Engineering 
14%Social Sciences
12%Biology
11%Business/Marketing
8%Psychology
7%Computer and Information Sciences
7%Interdisciplinary Studies
6%Visual and Performing Arts","примерно 21,7% от всего student body","Интервью (регистрироваться как можно раньше, так как быстро заполняются) или Optional 90-second Video; можно подать InitialView Interview
Транскрипт 
Эссе
Внекласные активности
Тесты 
Портфолио
Common App and Coalition App. 
Языковой экзамен ","Минимумы не написаны, но принимают DET, TOEFL и IELTS. Ориентироваться стоит на 100+ TOEFL, 7.5+ IELTS, DET 120+","Не обязательноl на 2022, но лучше подать.
Средний балл по SAT: 1480-1560",4.17/4.0,"$57,750","$17,900","Студенты могут подаваться на need-based. Не сказано, как много они могут покрытьиностранным студентам","Danforth Scholars - могут покрыть 100% твоего обучения
The Annika Rodriguez Scholars Program - может покрыть 100% твоего обучения",54%,"$54,626",$75,admissions@wustl.edu - приемная комиссия,"https://admissions.wustl.edu/faqs/are-international-students-eligible-for-financial-aid/

https://admissions.wustl.edu/cost-aid/scholarships/signature-scholar-programs/danforth-scholars-program/  
 https://admissions.wustl.edu/cost-aid/scholarships/signature-scholar-programs/annika-rodriguez-scholars-program/ 

https://admissions.wustl.edu/how-to-apply/admission-requirements/",,,, ,Для Danforth Scholarship нужны доп эссе https://admissions.wustl.edu/cost-aid/scholarships/signature-scholar-programs/danforth-scholars-program/  ; Для The Annika Rodriguez Scholars Program доп эссе и доп рекоменлация; CSS + доп фин формы,$75,,
University of Rochester,"У вуза ограниченные ресурсы, но если иметь сильный профиль и показать себя, как сильного абитуриента можно получить щедрые need based и merit based стипендии",Да,#34,"Рочестер, Нью Йорк",29.00%,"15% Engineering 
14% Social Sciences 
13% Health Professions 
10% Biology 
8% Psychology 
7% Business/Marketing
7% Computer and Information Sciences 
7% Visual and Performing Arts        
5% Mathematics
https://www.rochester.edu/academics/",,"необходимые документы:

Заполненная заявка Сommon App
Транскрипт
Рекомендация учителя (требуется одна)
Школьный отчет/рекомендация консультанта
Отчет за середину года (при наличии)
Окончательный транскрипт (при наличии)

Дополнительные Материалы:
Регистрация на собеседование (настоятельно рекомендуется)
Официальные Результаты Тестов

https://admissions.rochester.edu/applying/international-students/","""TOEFL 100
IELTS 7.5
Duolingo 120""","Не обязательно на 2022 год. 
Ср. балл - 1310-1500",3.8,"$56,026",$20K,"Из-за ограниченных ресурсов лишь небольшое число международных абитуриентов будут иметь право на получение финансовой помощи от университета, основанной на потребностях","Все кандидаты, независимо от гражданства, рассматриваются на получение стипендий за заслуги. Для участия в конкурсе на получение стипендии за заслуги не требуется заполнять никаких дополнительных заявок. Но поскольку стипендии за заслуги присуждаются независимо от потребностей студента, вы все равно должны представить соответствующие документы вместе с заявлением, чтобы заполнить заявление на поступление.",88%,34K,$50,international@admissions.rochester.edu - Офис для иностранных студентов,"https://enrollment.rochester.edu/how-to-apply/
https://enrollment.rochester.edu/testing-policy/
https://admissions.rochester.edu/applying/international-students/
",,,,,,,,
Williams College,"Очень щедрый колледж. Готов покрыть все, если вы поступите, начиная платы за обучение, заканчивая, билетами на самолет. ",Дa,#21,"Виллиамстаун, Массачусетс",13%,"28% Social Sciences 
8% English        
8% Foreign Languages and Literature 
8% Mathematics 
8% Physical Sciences 
7% Biology 
7% History 
7% Psychology 
6% Computer and Information Sciences 
5% Visual and Performing Arts

https://www.williams.edu/academics/areas-of-study/",7:1 ratio,"1. Common Application , Coalition Application, или QuestBridge Application
2. Транскрипт 
3. Невозвращаемый сбор за подачу заявки $65 или fee waiver
4. Рекомендация учителя (2)
5.Школьный отчет
6. Транскрипт за середину года 

Не обязательно: 


1. Дополнение эссе вуз
(Студенты могут представить короткое эссе на одну из трех тем
2. Портфолио

https://www.williams.edu/admission-aid/apply/first-year/","TOEFL 
IELTS ",Не обязательно на 22 - 23 год,4.0,"$50,450",$13K,"Да Некоторые премии составляют в среднем 65 000 долларов в год. Наши пакеты финансовой помощи включают бесплатные учебники, лабораторные и художественные принадлежности, уроки музыки, хранение и один билет на самолет домой в оба конца каждый год.

Как иностранный студент, вы должны подать заявление на получение финансовой помощи при подаче заявления в Williams, если вы планируете обратиться за такой помощью в любой момент во время зачисления.","Почти 60 процентов наших иностранных студентов получают финансовую помощь от Уильямса, и их премии за помощь составляют в среднем 65 000 долларов США в год.",52%,65K,$65 or fee waiver,"admission@williams.edu - приемная комиссия

finaid@williams.edu -Офис по финансовой помощи","https://www.williams.edu/admission-aid/apply/first-year/

https://www.williams.edu/admission-aid/financial-aid/apply-for-aid/",,,,,$65 or a fee waiver,,,
Pomona College ,Вуз готов предоставить 100% финансирование на основе потребностей вашей семьи. ,"Дa, need - based",#23,"Клермонт, Калифорния",8%,"20% Social Sciences 
12% Interdisciplinary Studies 9% Mathematics 
8% Computer and Information Sciences 
7% Biology     
7% Physical Sciences 
5% Public Administration and Social Services

https://www.pomona.edu/academics",8:1 ratio,"
1. Невозвращаемый сбор за подачу заявки $70 или fee waiver
2. Транскрипт
3. Рекомендация консультанта и отчет о школе
4. Рекомендация .
5. Официальное подтверждение владения английским языком
6. Транскрипт за середину года
7. Специальные вопросы-эссе от колледжа 

Необязательно: 
SAT
Интервью
Творческое портфолио

https://www.pomona.edu/admissions/apply/how-apply

https://www.pomona.edu/admissions/apply/international-applicants","TOEFL 100
IELTS 7.0",Не обязательно,4.0,"$54,762 ","$14,718","Мы полностью удовлетворяем потребности принятых иностранных студентов. Прием иностранных абитуриентов зависит от потребностей, но Помона каждый год предлагает финансовую помощь примерно половине принятых иностранных студентов. Мы оцениваем каждого кандидата в их собственном местном контексте. Мы ценим разнообразие опыта, который могут привнести в наше сообщество студенты, окончившие среднюю школу за пределами Соединенных Штатов, и будем соответствующим образом оценивать заявки. Финансовые потребности студента определяются после тщательного изучения финансовых документов каждой семьи. Мы делаем все возможное, чтобы учесть уникальные обстоятельства каждой семьи.",Не доступно,66%,53K,$70 or fee waiver,"admissions@pomona.edu. - приемная комиссия
financial.aid@pomona.edu - Офис по финансовой помощи","https://www.pomona.edu/admissions/apply/international-applicants/international-applicant-faqs
https://npc.collegeboard.org/student/app/pomona - ne price calculator",,,,,$70 or a fee waiver,,,
Bowdoin College,"Очень избирательный вуз, но если усилить свой профиль и поступить в него, то они могут покрыть 100% твоих потребностей","Да, Need-based",#6 in National Liberal Arts Colleges," г. Брансуик, штат Мэн",9%,"https://www.bowdoin.edu/academics/departments-and-programs/index.html

31%Social Sciences
11%Biology
10%Area and Ethnic Studies
8%Mathematics
6%Physical Sciences
5%Computer and Information Sciences
5%History",6%,"Common Application 
интервью
баллы за языковой экзамен","100+ TOEFL, 
7.0+ IELTS","Не обязательно 

Ср. Балл SAT - 1300",3.93/4.0,"$55,822","$7,372",Может покрыть 100% твоих потребностей,Не доступно,48%,"$47,500",$65 ,admissions@bowdoin.edu ,"InitialView Interview, DET Interview, Vericant Interview https://www.bowdoin.edu/admissions/apply/international-students/index.html 


Также optional video response и личные интервью (online) https://www.bowdoin.edu/admissions/our-process/interviews/index.html 

https://www.bowdoin.edu/student-aid/apply-for-aid/international-students.html 

https://www.bowdoin.edu/student-aid/apply-for-aid/international-students.html",,,,, CSS + дополнительные формы https://srfs.upenn.edu/financial-aid/apply/prospective-UG-checklists/international ,$65,,
Colby College ,Вуз готов предоставить 100% финансирование на основе потребностей вашей семьи. ,"Дa, need - based",#71,"Уотервилл, Мэн",13%,"22% Social Sciences 
9% Environmental Science 
8% Interdisciplinary Studies 8% Psychology 
7% Biology       
7% Physical Sciences 
6% Area and Ethnic Studies          
6% Computer and Information Sciences 
5% English 
5% Mathematics

http://www.colby.edu/academics/majors-minors/",10:1 ratio,"Заполненная заявка на поступление: Колби принимает Common Application, Coalition Application, или QuestBridge Application. 
Академические записи: Нам требуется ваш транскрипт, заполненный отчет о средней школе от школьного консультанта, одна рекомендация консультанта и две рекомендации учителя.

https://www.colby.edu/admission/

https://www.colby.edu/admission/apply/#application-process","TOEFL 100
IELTS 7.0",Не обязательно,3.9,"$57,280",15K,"Колби удовлетворяет на 100% продемонстрированную потребность всех принятых студентов, независимо от гражданства. Финансовые потребности определяются уникальными финансовыми обстоятельствами каждой семьи.",Не доступно,52%%,48K,не надо платить,"finaid@colby.edu  - Офис по финансовой помощи

admissions@colby.edu - Приемная комиссия",https://www.colby.edu/admission/admissions-and-financial-aid-requirements/#international,,,,,,,,
Haverford College,"Хороший вуз, который может покрыть тебе 100% твоих потребностей. Но готов он дать такую большую стипендию только маленькому кол-ву студентов","Да, Need-based",#15 in National Liberal Arts Colleges,"Хаверфорд, штат Пенсильвания",20%,"https://www.haverford.edu/academics

28%Social Sciences
15%Physical Sciences
9%Biology
8%Foreign Languages and Literature
7%Computer and Information Sciences
7%Psychology
6%English
6%Mathematics",11.4% of student body,Common Application ,"Минимумы не написаны, но принимают DET, TOEFL и IELTS. Ориентироваться стоит на 100+ TOEFL, 7.5+ IELTS, DET 120+","Не обязательно 

Ср. Балл SAT - 1380-1540",4. 0,"$60,442","$10,320","Может предоставить маленькое кол-во стипендий для иностранных студентов, которые нуждаются в этом",Не доступно,44%,"$49,800",$65 or fee waiver,admission@haverford.edu - приемная комиссия,"Virtual interviews https://admission.haverford.edu/register/intvs2021 

https://www.haverford.edu/financial-aid/applying-financial-aid/international-applicants 

Virtual interviews https://admission.haverford.edu/register/intvs2021 

https://www.haverford.edu/financial-aid/applying-financial-aid/international-applicants ",,,,,CSS и доп фин формы,$65,,
Boston University,Вуз предоставляет всего 20 стипендий для американских и иностранных студентов. Они выдаются за ваши заслуги,"Да, Merit based",#40,"Бостон, Массачусетс",22%,"18% Business/Marketing
16% Communications /Journalism               
15% Social Sciences 
9% Biology 
8% Engineering  
7% Health Professions 
6% Psychology

https://www.bu.edu/academics/degree-programs/",10:1 ratio,"1. The Common Appliction.
2. Транскрипт. Вам нужно будет отправить оригиналы или заверенные копии учетных данных вашей страны в рамках вашей заявки. Все документы, написанные на иностранном языке, должны сопровождаться нотариально заверенным переводом на английский язык. Пожалуйста, обратите внимание, что требуются оба документа—оригинал на вашем родном языке и перевод на английский.
3. Тесты по английскому языку
4. Документация о финансовой поддержке","TOEFL 90
IELTS 7
Duolingo 120",Не обязательно,3.71,"$56,854",$21K,не доступно,"Бостонский университет предлагает 20 стипендий для американских и иностранных студентов. Trustee program охватывает полное обучение в бакалавриате, а также университетскую ориентацию и обязательную плату за обучение в бакалавриате и может быть продлена на четыре года при соблюдении определенных критериев.",58%,41K,"$80, or a fee waiver",intadmis@bu.edu - офис для международных студентов,"http://www.bu.edu/admissions/tuition-aid/
http://www.bu.edu/admissions/apply/faqs-helpful-forms/faqs/
http://www.bu.edu/admissions/apply/international/",,,,,,,,
Wellesley College (all women school),"Вуз может покрыть 100% вашего обучения, но только в том случае если вы детальный план по расходам и доходам вашей семьи, ведь вуз будет детально все изучать, потому что ресурсы ограничены. ","Дa, need - based",#24,"Уэсли, Массачусетс",20%,"25% Social Sciences 
13% Biology 
11% Computer and Information Sciences 
7% Area and Ethnic Studies 7% Psychology 
6% Foreign Languages and Literature 
5% English 
5% Mathematics 
5% Physical Sciences 
5% Visual and Performing Arts

https://www.wellesley.edu/academics/deptsmajorprog",8:1 ratio,"1. Приложение
2. Эссе
3. Аттестат о среднем образовании
4. Стандартизированные тесты
5. Экзамены на знание английского языка
","""TOEFL
IELTS
Duolingo""",Не обязательно,3.9,"$58,120","$18,000","Уэллсли удовлетворит 100% потребностей всех принятых студентов. Его цель-поддержать высококвалифицированных кандидатов, которые иначе не смогли бы поступить в Уэллсли. Из-за острой конкуренции за эти средства кандидаты должны подавать заявки на них только в том случае, если семейные ресурсы не могут адекватно покрыть расходы на колледж. При определении размера предоставляемой помощи Колледж изучает финансовые ресурсы студентки и ее семьи с помощью информации, представленной в формах финансовой помощи. Всем заявителям на получение финансовой помощи требуется хорошо сформулированный финансовый план.",Не доступно,59%,52K,$50,https://www.wellesley.edu/admission/contact,"https://www.wellesley.edu/sfs/cost

https://www.wellesley.edu/admission/apply/international/instructions",,,,,,,,
Johns Hopkins University,"Можно получить Need-based, merit-based стипендии. Но здесь достаточно большой конкурс, так как это топовый вуз. В основном щедрые стипендии они выдают 10% от всех поступающих ",Да,#10,"Балтимор, Мэриленд",10.00%,"29%Engineering
22%Biology      
22%Health Professions 
14%Social Sciences
https://e-catalogue.jhu.edu/programs/",,"1. Заполненная заявка Сommon App
2. Отчет о средней школе и транскрипт с отметками
3. Два Рекомендательных Письма
4.  SAT (необязательно).
https://apply.jhu.edu/application-process/deadlines-and-requirements/","TOEFL 100 
IELTS 7","Не обязательно на 2022 год. 
Ср. балл - 1470-1570",3.9,"$54,160",$20K,"Хопкинс предлагает стипендии на основе потребностей для иностранных студентов-бакалавров. Примерно 10% поступающих иностранных первокурсников получили стипендии на основе потребностей. Средняя стипендия составляет 25 000 долларов, но отдельные суммы могут быть больше или меньше, в зависимости от финансовых потребностей студента","Стипендии, основанные на заслугах, присуждаются на основе академических и личных достижений и не подлежат возврату.",70%,42K,"$70, or a few waiver",gotojhu@jhu.edu - приемная комиссия,"https://finaid.jhu.edu/undergraduate-aid/international-students/
https://finaid.jhu.edu/undergraduate-aid/types-of-aid/grants-scholarships/
https://apply.jhu.edu/application-process/",,,,,,,,
Northweasten University,"Этот вуз принимает маленькое кол-во студентов и скорее всего потребует SAT. Но если вы поступите, то у вас будет возможность получить полное финансирование, которое будет покрывать учебу, проживание и другие расходы.","Дa, need - based",#9,"Эванстон, Иллинойс",9%,"22% Social Sciences 
13% Communications/ Journalism 
13% Engineering 
8% Biology          
8% Visual and Performing Arts 
7% Psychology 
6% Mathematics 
5% Computer and Information Sciences

https://www.northwestern.edu/academics/colleges-and-schools.html",,"https://admissions.northwestern.edu/apply/requirements.html

1. Common Application или Coalition Application*
2. Транскрипт
3. Рекомендация консультанта
4. По крайней мере, одна рекомендация от учителя
5. Баллы SAT или ACT (НЕОБЯЗАТЕЛЬНО для 2020-21)
6. Официальное подтверждение владения английским языком
7. Невозвращаемый сбор за подачу заявки $75 или fee waiver
8. Соглашение о досрочной подаче документов (ТОЛЬКО кандидаты, которые решили подать документы раньше основного дедлайна)
9. Транскрипт за середину года","""TOEFL
IELTS
Duolingo""","Не нужно было сдавать на 2021 год, про 2022 еще не известно

Ср. балл - 1470-1570",4 . 0,"$56,691",$17K,"Удовлетворяют 100% продемонстрированных финансовых потребностей студента.
Включая (обучение, проживание и питание, сборы, медицинская страховка, книги и расходные материалы, личные расходы и командировочные).",Не доступно,66%,$45K,$75,"ug-admission@northwestern.edu - приемная комиссия

intoff@northwestern.edu -  Офис для иностранных студентов","https://undergradaid.northwestern.edu/apply-for-aid/prospective-students/international-students-application-instructions.html
https://admissions.northwestern.edu/apply/requirements.html",,,,,,,,
Carleton College,Есть возможность получить и need based и merit - based стипендии. Need based - может покрыть 100%. merit-based может покрыть только около 10к в год.,Да,#40,"Нортфилд, Миннесота",20%,"20% Social Sciences 
14% Physical Sciences  
10% Computer and Information Sciences 
9% Biology 
9% Mathematics 
9% Visual and Performing Arts 
8% Psychology 
5% English 
5% Philosophy and Religious Studies

https://apps.carleton.edu/academics/",9:1 ratio,Common Application ,"TOEFL 100
IELTS 7.0
Duolingo 120",Не обязательно,3.9,"$56,778","$14,000","Карлтон считает, что все поступившие студенты должны иметь возможность посещать занятия независимо от их финансового положения. Поэтому колледж стремится предоставлять финансовую помощь, которая полностью удовлетворяет продемонстрированные финансовые потребности студентов в течение всех четырех лет.","Стипендии Фрича и Джеймса Вудворда: Обе стипендии присуждаются поступающим студентам в размере 10 000 долларов в год в виде грантов на общую сумму 40 000 долларов во время обучения в Карлтоне.""",55%,52K,?,admissions@carleton.edu - приемная комиссия,"https://athletics.carleton.edu/index.aspx
https://www.carleton.edu/admissions/apply/afford/
https://apps.carleton.edu/campus/sfs/costs/

https://www.carleton.edu/admissions/apply/steps/international/",,,,,no fee,,,
California Institute of Technology,"Можно получить финансовую помощь на основе потребностей, но она очень ограничена. И ее можно получить только, если вы подаетесь на Regular Decision","Дa, need - based",#12,"Пасадена, Калифорния",7%,"35% Engineering 
27% Computer and Information Sciences 
22% Physical Sciences 
10% Mathematics 
5% Biology

https://www.caltech.edu/academics",3:1 ratio,"1. Common Application или the Coalition Application with Caltech Questions
2. Взнос в размере 75 долларов США или fee waiver (по запросу)
3. Стандартизированные тесты
4. Оценки учителей
5. Отчет о средней школе. Это документ, который отправляется в Калифорнийский технологический институт вашим школьным консультантом. В нем содержится информация о вашей школе, которая помогает Приемной комиссии всесторонне оценить ваше заявление.
6. Транскрипт
7. TOEFL
8. Заявление о получении международной финансовой помощи",TOEFL,Не обязательно на 22 год,3.5,"$54,600","$18,993","Когда иностранный гражданин подает заявление на поступление на первый курс, в заявлении запрашиваются вопросы о финансовой помощи. Калтех чувствителен к потребностям иностранных граждан, поскольку общая сумма средств финансовой помощи для этих студентов ограничена, и мы по-прежнему привержены удовлетворению продемонстрированных потребностей всех принятых студентов. Иностранный гражданин, который подает заявление в качестве кандидата на первый курс в соответствии с планом Early Action, не должен рассчитывать на финансовую помощь. Если вы являетесь иностранным гражданином, который планирует подать заявление на получение финансовой помощи, вы должны подать заявление через Regular Decision",Не доступно,64%,42K,$75 or a fee waiver,ugadmissions@caltech.edu - приемная комиссия,http://admissions.divisions.caltech.edu/apply/first-yearfreshman-applicants/international-citizens,,,,,,Yes,,
University of Southern California,Вуз может предоставить много разных стипендий на основе достижений. Есть возможность получить 100% финансирование,"Да, Merit based",#62,"Лос Анджелес, Калифорния",13%,"25% Health Professions 
17% Business/Marketing
15% Visual and Performing Arts 
9% Social Sciences 
6% Communications/ Journalism        
6% Engineering

https://academics.usc.edu/",9:1 ratio,Common Application ,"TOEFL 100
Duolingo 120",Не обязательно,3.79,57K,20K,Не доступно,"Хотя иностранные студенты не имеют права на получение федеральной финансовой помощи или финансовой помощи на основе потребностей США, им могут быть присуждены стипендии за заслуги и/или другие ведомственные награды. Стипендии за заслуги в размере от нескольких тысяч долларов до полного обучения присуждаются на основе академического мастерства, лидерства, сервиса и таланта. К ним относятся стипендии на полное обучение, стипендии Mork Family and Trustee scholarships, the half-tuition Presidential Scholarship, and the one-quarter tuition Deans Scholarship.",69%,36K,$85,https://admission.usc.edu/contact/request-for-information/,"https://admission.usc.edu/apply/scholarships/
https://admission.usc.edu/wp-content/uploads/USC-Scholarships.pdf
https://financialaid.usc.edu/undergraduates/prospective/net-price-calculator.html - net price calculator
https://admission.usc.edu/apply/our-admission-process/ - what they are looking for 

https://admission.usc.edu/apply/international-students/",,,,,"Yes, On-campus work (not including Federal Work-Study).
Off-campus work, with permission from the Office of International Services.
On-campus employment for F-1 international students is limited to 20 hours a week (part-time) during the fall and spring semesters and 40 hours a week (full-time) during summer and university breaks. F-1 undergraduate and graduate students may begin on-campus employment at the beginning of their first semester at USC.","No, all students who submit a complete application will be automatically considered for a scholarship.",,
Washington and Lee University,"Хороший и очень щедрый университет. Не требует SAT для поступления, готова провести интервью со студентами, это может быть плюсом при постулении и получении стипендии. ",Да,#70,"Лексингтон, Виргиния",21%,"27%Social Sciences    
20%Business/Marketing 
9%Biology           
6%Foreign Languages and Literature     
6%History 
5%Communications /Journalism
https://www.wlu.edu/academics/",,"1. Заполненная заявка Сommon App или заявка QuestBridge
2. Подписанное Соглашение о досрочной подаче документов (если вы решите подать документы раньше основного дедлайна)
3. Официальная копия вашего транскрипта (международные кандидаты должны включать окончательные или прогнозируемые результаты экзаменов по окончании школы).
4. Две рекомендации преподавателя
5. Одно рекомендательное письмо от вашего руководства или консультанта колледжа
6. Форма отчета по общему заявлению о средней школе, заполненная вашим руководством или консультантом колледжа

ДОПОЛНИТЕЛЬНЫЕ ЭЛЕМЕНТЫ:
1.  SAT или ACT (необязательно для класса 2025 года)
2. Интервью InitialView, интервью Duolingo или Vericant
3.Официальные результаты тестов TOEFL, IELTS, Duolingo по английскому языку или Кембриджскому английскому языку: экзамен на знание C1 Advanced или C2
4. Заявка на получение стипендий и/или финансовой помощи (иностранные студенты имеют право на получение и того, и другого в W&L)

https://www.wlu.edu/admissions/applying/requirements/international-applicants/","TOEFL 
IELTS 
Duolingo ",Не обязательно на 2022 год. ,3.96,"$56,170","$21,000","Университет полностью удовлетворяет 100 % ваших потребностей за счет стипендий, грантов и трудоустройства студентов","Есть полная стипендия для 44 студентов, которая покрывает все.",64%,50K,$60 или fee waiver,admissions@wlu.edu  - приемная комиссия,"https://www.wlu.edu/admissions/tuition-and-costs/
https://www.wlu.edu/admissions/applying/requirements/international-applicants/",,,,,,,,
,,,,,,,,,,,,,,,,,,,,,,,,,,,,
,,,,,,,,,,,,,,,,,,,,,,,,,,,,
,,,,,,,,,,,,,,,,,,,,,,,,,,,,
,,,,,,,,,,,,,,,,,,,,,,,,,,,,
TARGET UNIVERSITIES ,"Эти университеты принимают от 30% до 60% всех поступающих, в них реально попасть, так как требования к поступающим ниже, чем у dream вузов.  А также они достаточно щедрые и смогут предоставить щедрое финансирование. ",,,,,,,,,,,,,,,,,,,,,,,,,,,
University of Texas - Austin.sat.,"Это один из самых щедрых государственных университетов, который дает стипендии международным студентам. Получить стипендию сложно, но если получите, то она покроет обучение и дополнительные сборы, которые могут возникнуть за 4 года обучения","Да, Merit based",#48,"Остин, Техас",39%,"13% Engineering 
12% Business/Marketing
12% Social Sciences 
11% Biology 
11% Communications /Journalism                 
5% Health Professions

https://www.utexas.edu/academics/areas-of-study",18:1 ratio,"У вас есть два варианта, когда дело доходит до приложения: приложение ApplyTexas или the Coalition for College application (no Common Application)","TOEFL 80
IELTS 6.5",Не обязательно,3.83,"$38,326",11K,Не доступно,"Международная стипендия за обучение (IEF) была первоначально учреждена в 1989 году на студенческом референдуме. Стипендия IEF поддерживает стипендии как для поступающих иностранных студентов, так и для выезжающих студентов, обучающихся за рубежом. Эта конкретная заявка на получение стипендии будет полезна для впервые поступающих иностранных студентов бакалавриата UT и покрывает стоимость обучения и необходимые сборы в вашем счете за обучение и оплату в течение 4 лет.",65%,11K,"$90, or a fee waiver",https://www.utexas.edu/contact-us,"https://admissions.utexas.edu/apply/freshman-admission/faq#:~:text=The%20priority%20application%20deadline%20for,arrive%20by%20the%20deadline%2C%20too.",,,,,,,,
University of Miami.sat,"Хороший и щедрый университет. Здесь можно получить стипендию, которая покроет и проживание и обучение. Но обратите внимание на документы, они требуют эвалюацию транскрипта. Без этого ваша заявка просто не будет рассмотрена",Да,#57,"Майами, Флорида",32%,"21% Business/Marketing
14% Biology     
13% Health Professions 
10% Engineering
9% Social Sciences 
8% Communications/ Journalism                  
6% Visual and Performing Arts

https://admissions.miami.edu/undergraduate/academics/majors-by-school-or-college/index.html",12:1 ratio,"1. Заполните Common Application
2. Транскрипт
3. Результаты Тестов
4. отчет о школе
5. Отправьте рекомендательные письма
6. Дополнительные требования к Специальным программам","TOEFL 80
IELTS 5.0-6.0",Не обязательно,3.6,"$51,930",$20K,"Да, получатель стипендии все еще может претендовать на помощь, основанную на потребностях. Чтобы подать заявку на получение финансовой помощи, заполните и отправьте необходимые заявки на финансовую помощь с любыми подтверждающими документами к указанному сроку.","Да, UM присуждает стипендии за заслуги поступающим студентам на основе их академических достижений, независимо от их гражданства. Критерии для присуждения стипендий за заслуги основаны на всестороннем рассмотрении списка кандидатов, которые каждый год
являются исключительными и имеют академические достижения:
Isaac Bashevis Singer  - Полная стоимость обучения
Stamps - Полная стоимость посещения плюс стипендия фонда обогащения",72%,$21K,$70,admission@miami.edu - приемная комиссия,"https://admissions.miami.edu/undergraduate/about/FAQs/financial-aid/merit-scholarship/index.html
https://admissions.miami.edu/undergraduate/financial-aid/scholarships/index.html

https://admissions.miami.edu/undergraduate/application-process/admission-requirements/freshman/index.html",,,,,,,,
Fordham University(lack money),"Вуз сам по себе довольно жадный, но грант и местоположение хорошие. Нужно участь, что в гранте много условий по финансам. ","Да, Merit based",#66 in National Universities,Кампусы в Нью-Йорке и Бронксе,46%,"https://www.fordham.edu/info/21668/majors_and_minors_at_lincoln_center

""28%Business/Marketing
19%Social Sciences
9%Communications/Journalism
9%Visual and Performing Arts
6%Psychology
5%Biology
5%Computer and Information Sciences""",15% of student body,"1. Common App
2. Транскрипт 
3. Рекомендательное письмо","TOEFL 90+
 IELTS 7.0+ 
Duolingo 120","Не обязательно

Ср. Балл-  1340 ",3.64/4.0,"$54,730","$20,255",Не доступно,"Maurice J. and Carolyn Dursi Cunniffe Presidential Scholarship  покрывает полную стоимость обучения каждый год (плата не включена) на курсах, проводимых в качестве традиционного студента-бакалавра в Фордхэме. Стипендия будет скорректирована только на половину других внешних ресурсов или стипендий, не связанных с обучением. Оставшаяся половина может быть использована для дополнительных расходов на образование.

Presidential awards также покрывают среднюю стоимость двухместного номера или фактические сборы, в зависимости от того, что меньше (за исключением планов питания и сборов), если студент проживает в кампусе",92%,"$38,720",$70,enroll@fordham.edu,"https://www.fordham.edu/info/20541/how_to_apply


https://www.fordham.edu/intl 

https://www.fordham.edu/info/21251/fordham_scholarships_and_grants/8283/international_student_scholarships ",,,,,"CSS + некоторые фин документы. Для Maurice J. and Carolyn Dursi Cunniffe Presidential Scholarship не пишут, что нужно отправлять что-то еще, но стоит написать на почту и уточнить на всякий случай",$70,,
University of Illinois at Urbana-Champaign(limited aid),"Этот университет может дать тебе стипендию до 100к. Таким образом, у тебя будет возможность покрыть обучение и проживание. Но вуз хочет, чтобы вы сдали SAT и получили высокий балл за языковой экзамен. ","Да, Merit based",#47,"Шампейн, Иллинойс",59%,"http://catalog.illinois.edu/undergraduate/

20%Engineering 
12%Business/Marketing
8%Communications/Journalism
8%Social Sciences
7%Biology
6%Agriculture
5%Health Professions
5%Psychology",,"1. Курсовые работы и оценки 
2. Внеклассные занятия 
3. Связанный с ними опыт 
3. Результаты тестов(при наличии) 
4. TOEFL/IELTS/Duolingo",TOEFL: 100+,SAT Score (no writing): 1160-1350,,"$32,866","$11,898",Не доступно,"The Fred S. Bailey Scholarship присуждает более 100 000 долларов финансовой помощи студентам, которые демонстрируют свою заинтересованность. The Bailey Scholarship-это программа Университета YMCA.""",64%,"$15,567",$75,admissions@illinois.edu - приемная комиссия,"https://admissions.illinois.edu/Apply/Freshman/requirements

https://admissions.illinois.edu/Apply/Freshman/profile

https://isss.illinois.edu/resources/finaid.html",,,,,,$75,,
Loyola Marymount University ,Вуз предоставляет много стипендий на основе достижений. Одна из таких стипендий может покрыть обучение и проживание на все 4 года учебы,"Да, Merit based",#90,"Лос Анджелес, Калифорния",47%,"25% Business/Marketing
15% Social Sciences 
14% Visual and Performing Arts          
10% Communications/Journalism 
8% Psychology
5% Engineering

https://www.lmu.edu/academics/degrees/",10:1 ratio,"1. Заявление о приеме (Выберите одно)
- Common Application and LMU Supplement
- Coalition Application
- LMU Application
2. Предоставьте подтверждение владения английским языком
3. Отправьте свой транскрипт на английском языке из всех посещенных средних школ/средних школ. Необходимо предоставить полные транскрипты за каждый отдельный учебный год.
4. Отправьте рекомендательное письмо вместе с вашей заявкой. Это письмо должно быть от должностного лица последней школы, которую вы посещали или посещаете в настоящее время, предпочтительно от вашего консультанта, учителя, директора или другого администратора.","TOEFL 90 or 
IELTS 7.0
Duolingo 105",Не обязательно,3.81,"$50,683 ","$15,084",Не доступно,"Отбор основан на академических достижениях, включая средний балл, стандартизированные результаты тестов, строгость учебной программы подготовки к колледжу. Дополнительные факторы также могут быть рассмотрены для конкретных стипендий.

1. Arrupe Scholarships - $12,5 тыс. за каждый год
2. Trustee Scholarships - равны полной стоимости обучения, проживания и питания в течение четырех лет. Ежегодно предлагается десять стипендий попечителей. Выборы являются чрезвычайно конкурентными и включают в себя собеседование с преподавателями на территории кампуса во время наших ежегодных выходных для ученых.
3. Presidential Scholars  - 25 000 долларов США каждый год. Президентская стипендия также включает в себя оплачиваемую летнюю исследовательскую возможность в рамках нашей Летней исследовательской программы для студентов (SURP) и участие в Программе наставничества по Президентской стипендии Управления карьеры и профессионального развития. Жилье в кампусе на все четыре года гарантировано стипендиатам Президента, хотя и не требуется.
4. LMU Achievement Awards -
В знак признания значительных академических достижений студентов награды за достижения LMU, начинающиеся с 1000 долларов США и возобновляемые ежегодно в течение четырех лет, будут предлагаться студентам в зависимости от академических достижений. ",92%,$21K,$60,"admission@lmu.edu - приемная комиссия 

international@lmu.edu - офис для международных студентов
","https://financialaid.lmu.edu/prospectivestudents/scholarships/lmuacademicscholarshipsforfreshmen/
https://international.lmu.edu/apply/first-year/
https://admission.lmu.edu/about/academics/majors/computerscience/",,,,,$60,,,
Lynn University(not full),"Этот вуз может покрыть все рассходы за проживание и обучение, но у них высокие требования. Нужно сдавать SAT и иметь GPA от 3.65","Да, Merit based",#53 in Regional Universities South,"Бока-Ратон, Флорида",74%,"https://online.lynn.edu/degrees

43%Business/Marketing
13%Communications/Journalism
9%Visual and Performing Arts
8%Psychology
6%Biology
6%Security and Protective Services
5%Parks And Recreation",,"1.Заполненное заявление
2.Мотивационное письмо
3.Официальные баллы ACT/SAT или указание на то, что ваше приложение является дополнительным тестом
4.Официальные документы средней школы или транскрипт с печатью или штампом учебного заведения, выданные на английском языке или с заверенным переводом на английский язык. Отправьте их непосредственно в приемную комиссию университета Линна
5.Показатели владения английским языком
6.Вспомогательные документы:
7.Рекомендательное письмо от школьного консультанта или учителя
8.Резюме деятельности с перечислением хобби, внеклассных занятий и/или волонтерской работы","TOEFL - 71+
IELTS - 6.0+
Duolingo - 100+","Не обязательно. Но если хотите стипендию, то нужно будет сдать

Средний SAT Score: 1048",3. 0 ,"$38,650","$12,720",Не доступно,"Presidential scholarship - может покрыть проживание + учебу, но для этого нужно сдавать SAT и иметь GPA of 3.65",99%,"$16,624",нет,admission@lynn.edu - приемная комиссия,"https://www.lynn.edu/admission/apply-to-lynn/international-students/international-undergraduate

""https://www.lynn.edu/admission/tuition-aid/financial-aid/presidential-scholarship - presidental scholarship

https://www.lynn.edu/admission/tuition-aid/financial-aid""",,,,,,$0,,
Lehigh University,Хороший престижный вуз.  Финансирование нужное дают. Merit и Need,"Да, Need-based, и немного merit based",#49 in National Universities ,"Бетлехем, штат Пенсильвания",32%,"34%Business/Marketing
26%Engineering
7%Computer and Information Sciences
7%Social Sciences
6%Biology

https://www1.lehigh.edu/academics/majors"," 9-10% of each incoming freshman class are international students, 2019-2020 465 undegrad students","1. Заполните Common Application
2. Транскрипт
3. Результаты Тестов (SAT - optional)
4. отчет о школе
5. Отправьте рекомендательные письма (1)
6. Отчет за пол года","90 - TOEFL, 
7.0 - IELTS,
110 - Duolingo ","Средний SAT: 1350-1480
Политика на следующий год пока не выложена",3.85/4.0,"$56,980","$9,030","удовлетворяет в полной мере продемонстрированные потребности всех принятых студентов, в том числе иностранных",Founder's and Trustee's Scholarships (полная и частичная оплата обучения) + Dean's Scholarship $12k/год,>50% получают финансовую помощь,"$47,745",$70,"International Students: luinternational@lehigh.edu

Приемная комиссия:
admissions@lehigh.edu","https://www1.lehigh.edu/admissions/merit-scholarships  

""General Interviews or Alumni Interviews https://www1.lehigh.edu/admissions/virtual-events 

https://www2.lehigh.edu/financial-aid/undergraduate ""
 

https://www2.lehigh.edu/financial-aid/undergraduate """,,,,,CSS + дополнительные фин формы,$70,,
Denison University,"Университет дает стипендии 95% студентам, которые поступили в их вуз. К тому же, требования к студентам не такие высокие относительно других вузов. ","Дa, need - based",#117,"Гранвилл, Огайо",34%,"21% Social Sciences 
9% Biology 
9% Business/Marketing 
9% Communications /Journalism 
8% Psychology 
8% Visual and Performing Arts

https://denison.edu/academics",9:1 ratio,Common Application,"TOEFL 80
IELTS 6.5
Duolingo 105",Не обязательно,3.7,"$55,420",$15K,"Да, Denison предлагает точно такую же финансовую помощь на основе потребностей и стипендии на основе заслуг иностранным студентам, как и гражданам США и постоянным жителям, и Denison удовлетворяет 100% продемонстрированных финансовых потребностей каждого студента",,95%,36K,нет,"internationaladmission@denison.edu - офис для международных студентов

admission@denison.edu - приемная комиссия","https://denison.edu/campus/admission/international-applicants
https://denison.edu/campus/admission/apply-for-admission",,,,,,,,
Clark University,"С этим университетом нужно быть внимательным. Не стоит подаваться на need-based aid, если у вашей семьи маленький доход и вам нужно 100%. Но у вас есть возможность получить merit-based, и она может покрыть полностью стоимость обучения. ",Да,#91,"Вустер, Массачусетс",59%,"28%Social Sciences 
18%Psychology 
10%Biology         
8%Visual and Performing Arts 
6% Business/Marketing

https://www.clarku.edu/academics/schools-and-departments/",10:1 ratio,"1. Common Application для первого года, включая:
2. Транскрипт
3. Рекомендация консультанта
4. Рекомендация преподавателя по традиционному учебному предмету
5. Мотивационное письмо","TOEFL 
IELTS 
Duoingo ",Не сказано,3.67,"$60,473 ","$10,000","Если вы хотите, чтобы вас рассматривали для получения необходимой финансовой помощи, отправьте College Scholarship Service (CSS) PROFILE во время подачи заявления. Мы не можем предложить финансовую помощь для покрытия полной стоимости посещения. Наш процесс приема учитывает потребности, а это означает, что мы откажем в подаче заявки по финансовым соображениям, если ПРОФИЛЬ CSS указывает на большую потребность, чем мы сможем обеспечить за счет стипендий за заслуги и финансовой помощи, основанной на потребностях.","Да, ваше право на получение стипендии зависит от ваших академических достижений (указанных в вашем заявлении о приеме), а не от потребностей вашей семьи. Однако ожидается, что иностранные студенты, которые могут претендовать на получение стипендий, по-прежнему продемонстрируют способность покрывать значительную часть расходов на свое образование. Сюда входят студенты, желающие получить Presidential LEEP Scholarship or the Global Scholars Program. В среднем иностранные студенты в Кларке платят от 25 000 до 45 000 долларов в год.",85%,30K,нет,https://www.clarku.edu/contact-us/,"https://www.clarku.edu/undergraduate-admissions/apply/international-students/
https://www.clarku.edu/undergraduate-admissions/apply/",,,,,,,,
Occidental College ,Университет предоставляет очень мало стипендий для студентов. ,Да,#99,"Лос Анджелес, Калифорния",37%,"33% Social Sciences 
12% Biology    
9% Physical Sciences 
7% Visual and Performing Arts                  
6% Foreign Languages and Literature 
6% Psychology 
5% Interdisciplinary Studies

https://www.oxy.edu/academics/areas-study",10:1 ratio,"1. Заполните Common App, включая:
✓ Ответить Oxy's Required Short Answer Questions
✓ Отчет о школе
✓ рекомендации консультанта
2. Транскрипт
3. Подтверждение владения английским языком
4. Форма сертификации финансов (COF) или Заявка на международную финансовую помощь студентам (ISFAA). Учащиеся должны представить только одну из этих форм, а не обе.
5. Два рекомендательных письма от преподавателей (по основным учебным предметам). В идеале нам нужны письма из 10-12 классов.","TOEFL 100
IELTS 7.0
Duoingo 120",Не обязательно,3.64,"$56,576","$18,918","Финансовая помощь иностранным студентам, основанная на потребностях, ограничена и чрезвычайно конкурентоспособна.","Все иностранные студенты, подающие заявки в Occidental, будут рассматриваться на получение стипендий, основанных на заслугах. Награды за заслуги присуждаются студентам, которые демонстрируют выдающиеся академические, внеучебные и личные достижения.

Как правило, мы предлагаем финансовую помощь только двум иностранным студентам каждый год.",75%,34K,$65,admission@oxy.edu - приемная комиссия,"https://www.oxy.edu/admission-aid/costs-financial-aid/international-students
https://www.oxy.edu/admission-aid/costs-financial-aid
https://www.oxy.edu/admission-aid/apply/application-requirements",,,,,$65 or a fee waiver,,,"
"
Soka University of America,143%,Да,#400,"Алисо-Вьехо, Калифорния",39%,"Liberal Arts

https://www.soka.edu/academics/undergraduate-studies          https://www.soka.edu/academics/graduate-studies",8:1 ratio,"1. Заполните Common Application
2. Транскрипт
3. Результаты Тестов
4. вступительный взнос
5. Отправьте рекомендательные письма (2)
6. Список внекоассных достижений
7. Вступительный взнос","TOEFL 80
Duolingo 105",Не обязательно,3.91,"$33,320","$20,000","Сто процентов наших продолжающих обучение студентов, которые имели право на получение финансовой помощи на основе потребностей, получили стипендию или грант на основе потребностей. Студенты могут объединять более одной институциональной стипендии для покрытия расходов, вплоть до стоимости посещения.
В стремлении содействовать большему разнообразию и доступу к высшему образованию все студенты, поступившие на программу бакалавриата по гуманитарным наукам, чей годовой доход семьи составляет 60 000 долларов* или менее, до полного покрытия стоимости обучения.","Soka предлагает избранное количество полных стипендий для лучших студентов каждого поступающего класса. Стипендия покрывает всю “стоимость посещения”, которая включает не только прямые расходы университета, такие как обучение, проживание и питание, но и косвенные расходы, такие как проезд, личные расходы, книги и расходные материалы.",95%,33K,$45," finanicialaid@soka.edu - Офис по финансовой помощи

admission@soka.edu - Приемная комиссия","https://www.soka.edu/financial-aid-tuition/frequently-asked-questions
https://www.soka.edu/financial-aid-tuition/aid-undergraduate-students/undergraduate-types-aid
https://www.soka.edu/admission/undergraduate-admission/how-apply
https://admissions.soka.edu/apply/",,,,,$30 or a fee waiver,,,
Union College,"Здесь можно получить merit - based aid до 25к, но также и need-based, которая может быть до 62к. ",Да,#44 in National Liberal Arts Colleges,"Скенектади, Нью Йорк",43%,"https://www.union.edu/academic/majors-minors

24%Social Sciences
22%Engineering
15%Biology
7%Psychology
6%Liberal Arts
5%Physical Sciences",,"1. Common Application or the Coalition Application 
2. SAT/ACT необязательно, но рекомендуется для иностранных студентов 
3. TOEFL, IELTS или Duolingo 
4. Profile CSS и финансовые документы необходимы всем, кто обращается за финансовой помощью на основе потребностей. 
5. Другие требования: Эссе (часть онлайн-заявки), Официальные транскрипты средней школы/Результаты экзаменов, Рекомендательные письма учителей и консультантов. Пожалуйста, убедитесь, что все представленные материалы на английском языке или переведены и сопровождены копиями оригинальных документов.","TOEFL iBT, 90
IELTS, 7.0 
DET, 115","Не обязательно, но лучше предоставить, если есть такая возможность

Ср. Балл - 1220-1420",,,"https://www.union.edu/academic/majors-minors

24%Social Sciences
22%Engineering
15%Biology
7%Psychology
6%Liberal Arts
5%Physical Sciences","Юнион Колледж удовлетворяет 100% продемонстрированных финансовых потребностей поступающих студентов, но осознает необходимость в процессе приема, премии варьируются от 13 000 до 62 000 долларов США за учебный год",Стипендии за заслуги присуждаются избранным иностранным студентам каждый год и оцениваются в 10 000-25 000 долларов США в год,85%,"$31,272",$60 or fee waiver,admissions@union.edu - приемная комиссия,"https://www.union.edu/


https://www.union.edu/admissions/apply/international",,,,,,$60 or fee waiver,,
Southern Methodist University,"Сильный университет. На получение стипендии влияет результат экзамена. Этот вариант подойдёт, если сдашь SAT на высокий балл. ","Да, Merit based",#67 in National Universities,"Даллас, Техас",47%,"27%Business/Marketing
13%Social Sciences
9%Communications/Journalism
9%Engineering6%Mathematics
6%Visual and Performing Arts
5%Biology

https://www.smu.edu/Admission/Academics/Majors",,"""1. Common App
2. Транскрипт 
3. Рекомендательное письмо
4. Языковой экзамен 
5. SAT","DET - 115
TOEFL iBT - 90 
IELTS - 6.5 ","Ср. балл - 1315

Сдавать обязательно! ",3.64/4.0,"$60,236","$17,438",Не доступно,President’s Scholars Program - Награда предусматривает покрытие всех расходов на обучение и оплату других сборов,80%,"$33,204",$60,https://www.smu.edu/AboutSMU/ContactSMU,"https://www.smu.edu/admission/apply/firstyear

https://www.smu.edu/Admission/Academics/Honors/MeritScholarships",,,,,-,$60,,
Barry University,Нужна эвалюация транскрипта и для гранта лучше сдать SAT. А также для стипендии STAMPS нужно подать дополнительные эссе и материалы. При этом до подачи на STAMPS нужно уже быть принятым в университет.,"Да, Merit based",#529 in the USA,"Майами-Шорс, штат Флорида",51%,"31%Business/Marketing
21%Health Professions
10%Public Administration and Social Services
7%Biology
5%Computer and Information Sciences
5%Liberal Arts

https://www.barry.edu/about/academic/undergraduate.html",6% of student body,"ЗАЯВЛЕНИЕ О ПРИНЯТИИ
1.Заполните заявление в университет
2. Отправьте официальный транскрипт из всех средних и высших учебных заведений. Международные учетные данные из системы образования, отличной от Соединенных Штатов, должны быть оценены иностранным оценщиком учетных данных, который является членом Национальной ассоциации служб оценки учетных данных (NACES). (НУЖНА ЭВАЛЮАЦИЯ!)
3.Представить окончательные результаты тестирования по окончании школьного обучения, если это применимо
4. Отправьте свои официальные баллы TOEFL, если это применимо
5. Если документы составлены на языке, отличном от английского, отправьте официальный перевод всех документов, заполненных компаниями, являющимися членами NACES.

ПОСЛЕ ПРИНЯТИЯ
1. Отправить депозит для регистрации
2. Предоставить доказательства финансовой поддержки
3. Если вы переводитесь из другого учебного заведения США, отправьте Форму, подтверждающую право на перевод
4. Предоставьте подтверждение медицинской страховки и записи об иммунизации
5. Если требуется жилье на территории кампуса, внесите залог за жилье","TOEFL: 61+ 
IELTS: 6.0+ 
DET: 81+","В некоторых случаях может быть test-optional, но лучше подать для гранта свой балл l Минимум нужен 930",3. 05/4.0,"$31,200","$11,626	",Не доступно,"Stamps Scholarships (full ride) - покроет все твои расходы

Да, для STAMPS нужно подать дополнительные эссе и материалы. При этом до подачи на STAMPS нужно уже быть принятым в университет.",100%,"$30,563",$0,admissions@barry.edu - приемная комиссия,"http://www.barry.edu/stamps/ 

https://www.barry.edu/future-students/undergraduate/admissions/international-student.html",,,,,"Да, для STAMPS нужно подать дополнительные эссе и материалы. При этом до подачи на STAMPS нужно уже быть принятым в университет.",$0,,
,,,,,,,,,,,,,,,,,,,,,,,,,,,,
,,,,,,,,,,,,,,,,,,,,,,,,,,,,
,,,,,,,,,,,,,,,,,,,,,,,,,,,,
,,,,,,,,,,,,,,,,,,,,,,,,,,,,
,,,,,,,,,,,,,,,,,,,,,,,,,,,,
SAFETY UNIVERSITIES ,"Эти университеты принимают от 60% всех поступающих. У этих вузах не очень высокие требования к будущим студентам, поэтому существует не так много щедрых университетов этой категории, ведь их ресурсы во многом ограничены.",,,,,,,,,,,,,,,,,,,,,,,,,,,
Drexel University,У университета невысокие требования к будущим студентам. Здесь можно получить большую стипендию.,"Да, Merit based",#97,"Филадельфия, Пенсильвания",77%,"22%Business/Marketing 22%Health Professions 
20%Engineering 
10%Visual and Performing Arts 
5% Computer and Information Sciences

https://drexel.edu/academics/schools/",11:1 ratio,"1. Заполните Common Application
2. Транскрипт
3. Результаты Тестов
4. эссе
5. Отправьте рекомендательные письма (2)
6. Информация о финансировании
7. Вступительный взнос","TOEFL, IELTS",Не обязательно,3.73,"$53,868",$17K,Не доступно,"Drexel предлагает стипендии для студентов, основанные как на заслугах, так и для студентов с различными ассоциациями. Возможно получить полную стипендию.",95%,32K,"$50, or a fee waivver",enroll@drexel.edu.,"https://drexel.edu/undergrad/apply/int-instructions/faq/
https://drexel.edu/undergrad/apply/overview/",,,,,,,,
DePaul University(sat),Вуз может покрыть 100% вашего обучения. Но эту стипендию получают только топ 5% всех студентов. ,"Да, Merit based",#47 in National Liberal Arts Colleges,"Гринкасл, Индиана",64%,"23%Social Sciences
15%Communications/Journalism
10%Biology
9%Computer and Information Sciences
7%Visual and Performing Arts
6%English
5%Interdisciplinary Studies

https://www.depauw.edu/academics/",,"1. ЗАЯВЛЕНИЕ 
2. ОФИЦИАЛЬНЫЕ РЕЗУЛЬТАТЫ ТЕСТОВ/ПОДТВЕРЖДЕНИЕ ВЛАДЕНИЯ АНГЛИЙСКИМ ЯЗЫКОМ 
3. ОФИЦИАЛЬНЫЕ АКАДЕМИЧЕСКИЕ ЗАПИСИ В СРЕДНЕЙ/СРЕДНЕЙ ШКОЛЕ 
4. ОБРАЗЕЦ ВАШЕГО ПИСЬМА 
5. ДОКУМЕНТАЦИЯ ПО ФИНАНСОВОЙ ПОДДЕРЖКЕ","TOEFL 85
IELTS 6.5
Duolingo 110","Не обязательно 

SAT - Ср. Балл:
1130-1360",3.5,"$52,630","$13,788",Можно получить только need-based loan,"Merit Scholarship - 24k - 40k 

Rector scholarship - может покрыть всю стоимость обучения . Обычно получают топ 5% поступивших ",99%,"$35,367",$40 or fee waiver,intladmission@depauw.edu - приемная комиссия,"https://www.depauw.edu/admission-aid/apply/international-applicants/

https://www.depauw.edu/admission-aid/apply/international-applicants/international-students/scholarships-and-financial-aid-for-international-students/ 
",,,,,,$40 or fee waiver,,
Illinois Wesleyan University (lack money),"Вуз предоставляет несколько стипендий, которые могут покрыть 100% обучения, а также немного стипендий поменьше. Обязательно обрати внимание на то, что Если ты не сдаешь SAT, нужно будет пройти интервью!!!",Да,#80 in National Liberal Arts Colleges (US News),"Блумингтон, Иллинойс",60%,"27%Business/Marketing
11%Biology
10%Health Professions
10%Visual and Performing Arts
8%Social Sciences
6%Education6%Psychology

https://www.iwu.edu/academics/","https://www.iwu.edu/majors/ - ALL MAJORS 

Economics -  https://www.iwu.edu/economics/ 

Political science - https://www.iwu.edu/political-science/ 

Sociology - https://www.iwu.edu/sociology/ ","1. Common Application 
2. Транскрипт
3. Языковой экзамен
4. Эссе
5. Рекомендательные письма
6. копия паспорта 
7. Документ о финансовом состоянии семьи 
8. SAT или интервью","IELTS 6.5,
TOEFL score - 80 iBT (Internet-based)
Duolingo - 105","SAT или
Personal Interview (for test optional)

Ср. балл SAT - 1120-1320
",3.5,"$52,308","$12,112","• IWU практикует политику приема иностранных студентов с учетом потребностей. При выполнении требуемого финансового взноса в размере 10 000 долларов США в год заявки оцениваются без дальнейшего рассмотрения платежеспособности (без учета потребностей).

Но можно просто податься на merit-based","INTERNATIONAL STUDENT AWARDS Scholarships: 

Варьируется от 1к до 100% покрытия обучения

Presidents Scholarships (full tuition): 

Две стипендии, которые покроют 100% стоимость обучения",100%,"$31,827",$0,"Assistant Director for International Admissions
Illinois Wesleyan University:
international@iwu.edu","https://www.iwu.edu/international/admission.html 

https://www.iwu.edu/international/scholarships.html 

https://www.iwu.edu/financial-aid/grants/SG_Types.html  ",,,,,,,,
Holy Cross College,"Вуз покроет 100% обучения, если вы продемонстрируете потребность в этом. Желательно пойти на интервью с вузом","Да, Need-based",#36 in National Liberal Arts Colleges,"Вустер, Массачусетс",74%,"https://www.holycross.edu/academics/academic-programs

29%Social Sciences
13%Psychology
8%English
8%Foreign Languages and Literature
7%Biology
6%Mathematics
6%Physical Sciences
5%History",3%,"1. Сертифекат о финансах 
2. Результаты за языковой экзамен
3. Интервью (необязательно, но рекомендуют)","100 - TOEFL
 7 - IELTS 
120 - DET","Не обязательно

Ср. балл - 1010+",3.82/4.0,$27900,$8040,Holy Cross удовлетворяет 100% заявленной потребности всех принятых иностранных студентов,Не доступно,91%,"$45,064",$0,admissions@holycross.edu - приемная комиссия,"""https://www.holycross.edu/apply/international-students

https://www.holycross.edu/visit/interviews""",,,,,CSS или ISFAA,$0,,
Agnes Scott College,Колледж может покрыть 100% твоих потребностей. ,Да,#61 in National Liberal Arts Colleges,"Декейтер, Джорджия",65%,"https://www.agnesscott.edu/academics/majors-minors/index.html 

18%Social Sciences
15%Biology
11%Health Professions
11%Visual and Performing Arts
7%English
6%Area and Ethnic Studies
6%Business/Marketing
6%Psychology
5%History",7%,"1. Common Application
2. Языковой экзамен
3. Сертификат о финансах
4. Паспорт
5. Интервью (необязательно)
6. Отчет за полгугодие (необязательно)","TOEFL iBT - 80
IELTS - 6.5
DET - 110","Необязательно
SAT ср. балл - 1130 - 1340",3.0/4.0,"$43,920","$13,050","Да, готовы покрыть 100% потребностей иностранных студентов, которые поступили в их университет","Marvin B. Perry Presidential Scholarship 
Готовы покрыть 100% твоих потребностей. 

грант по приглашению, соответственно могут запросить потом доп эссе и/или интервью",95%,"$30,921",$30,https://www.agnesscott.edu/contact-us.html,"https://www.agnesscott.edu/admission/undergraduate-admission/international-students/index.html

https://www.agnesscott.edu/admission/undergraduate-admission/scholarships-financial-aid/index.html",,,,,"грант по приглашению, соответственно могут запросить потом доп эссе и/или интервью",$30,,
Bennington College,"Отличный, на мой взгляд, вариант. Они могут дать нужное финансирование, но для этого нужно максимально произвести впечатление. Они не дают гарантии, что во всех случаях готовы покрыть 100% все по финансовым возможностям своих студентов","Да, Need based + some sort of merit based",#76 in National Liberal Arts Colleges,Беннингтон (штат Вермонт),60%,"Visual and Performing Arts : 48.0%
English : 9.0%
Social Sciences : 7.0%
Foreign Languages and Literature : 6.0%
Public Administration and Social Services : 5.0%

https://www.bennington.edu/academics/areas-of-study ",17% (сlass of 2024),"1. Языковой экзамен 
2. Интервью
3. Тесты (не обязательно)
4. Транскрипты","те, кто успешно постумают имеют минимум 100 on the TOEFL, 7 on the IELTS, 120 on the DET ","Не обязательно,

Ср. Балл - 1440+ SAT",3.81/4.0,"$58,848","$9,350","не всегда могут meet full demonstrated need, но все равно хороший вариант. ","есть, Стипендии варьируются от 5000 до 30 000 долларов США в зависимости от силы заявки студента и его потенциала внести свой вклад в сообщество кампуса.",92%,"$46,000",$75,admissions@bennington.edu. - приемная комиссия,"https://www.bennington.edu/admissions/apply/financing-your-education/financial-aid-undergraduates/apply-financial-aid-0

https://www.bennington.edu/admissions/apply/applying-international-student

https://admissions.bennington.edu/register/ScheduleOffCampusInterview ",,,,,CSS + дополнительные формы https://srfs.upenn.edu/financial-aid/apply/prospective-UG-checklists/international ,$75,,
Temple University,"Стоимость обучения в этом вузе не очень высокая, поэтому вуз может позволить и покрыть всю стоимость обучения нескольким иностранным студентам. Плюс, есть программа. которая может дать стипендию до 20к, правда только 2 студента смогут ее получить. ","Да, Merit based",#104,"Филадельфия, Пенсильвания",60%,"26%Business/Marketing 12%Communications /Journalism                 
7% Health Professions 
7%Visual and Performing Arts 
6% Biology 
5% Engineering
5% Parks And Recreation 5% Psychology    
5% Social Sciences

https://www.temple.edu/academics/degree-programs",14:1 ratio,"1. Заполните Common Application
2. Транскрипт
3. Результаты Тестов
4. Языковой экзамен","TOEFL 79
IELTS 6
Duolingo 110",Не обязательно,3.54,"$34,049",$14K,Нет точной информации,"Университет Темпла присуждает стипендии за заслуги иностранным студентам с высокими академическими достижениями. Эти стипендии варьируются от 1000 долларов до полного обучения. Доступность финансирования, а также размер, качество и характеристики общего пула кандидатов будут определять количество и стоимость предлагаемых стипендий за заслуги.

Благодаря стипендии #YouAreWelcomeHere TU признает иностранных студентов, которые демонстрируют видение улучшения межкультурного взаимопонимания. Темпл был одним из первых девяти университетов, принявших первоначальное обязательство по инициативе #YouAreWelcomeHere. Каждый год мы отбираем двух первокурсников для получения ежегодной возобновляемой стипендии в размере 20 000 долларов.",62%,10K,"$55, or a fee waiver",https://admissions.temple.edu/about/contact,"https://apply.temple.edu/UGADMISSIONS/Pages/prospectinquiry.aspx?f=f8a35316-f0c1-4ffc-936b-84adc40e1b46&o=d2dc86f1-f536-4921-b82c-73dfbf3734f7&TempleReferrer=https://admissions.temple.edu/

https://admissions.temple.edu/apply/international-students",,,,,,,,
Ohio Wesleyan University,"Это достаточно щедрый университет, но он не может предоставить 100% финансирование, поэтому надо будет внести определенную сумму самостоятельно",Да,#185,"Делавер, Огайо",69%,"16% Biology 
16% Business/Marketing
11% Social Sciences 
9% Parks And Recreation 
7% Foreign Languages and Literature 
7% Psychology  
6% Visual and Performing Arts                    
5% English

https://www.owu.edu/academics/#majors-minors",10:1 ratio,Common Application,"TOEFL 80
IELTS 6.5
Duolingo 100",Не обязательно,3.4,"$46,870",$14K,"""Уэслианский университет Огайо предоставляет стипендии, основанные на заслугах, и финансовую помощь иностранным студентам, основанную на потребностях. Конкретные суммы стипендий и получаемой финансовой помощи различны для каждого заявителя, и мы работаем в каждом конкретном случае. Диапазон финансовой помощи для иностранных студентов составляет от 5000 до 45 000 долларов США в год со средней стипендией в размере 30 000 долларов США в год.

Полные стипендии в Уэслиане штата Огайо недоступны, и каждый год требуется некоторый семейный взнос.
Если вы намерены запросить финансовую помощь, рекомендуется показать, что ваша семья может вносить не менее 22 000 долларов США в год на ваши расходы на образование ""","""Уэслианский университет Огайо предоставляет стипендии, основанные на заслугах, и финансовую помощь иностранным студентам, основанную на потребностях. Конкретные суммы стипендий и получаемой финансовой помощи различны для каждого заявителя, и мы работаем в каждом конкретном случае. Диапазон финансовой помощи для иностранных студентов составляет от 5000 до 45 000 долларов США в год со средней стипендией в размере 30 000 долларов США в год.

Полные стипендии в Уэслиане штата Огайо недоступны, и каждый год требуется некоторый семейный взнос.
Если вы намерены запросить финансовую помощь, рекомендуется показать, что ваша семья может вносить не менее 22 000 долларов США в год на ваши расходы на образование """,100%,32K,нет,"owuadmit@owu.edu - приемная комиссия

financialaid@owu.edu","https://www.owu.edu/admission/apply/international-students/international-scholarships-and-need-based-aid/
https://www.owu.edu/admission/apply/international-students/frequently-asked-questions/
https://www.owu.edu/admission/apply/international-students/how-to-apply/",,,,,no fee,,,
Mount Saint Mary's University ,100% студентов получают то или иное финансирование. Некоторые из них получают полное финансирование от вуза,"Да, Merit based",#308,"Лос Анджелес, Калифорния",68%,"36% Health Professions 
13% Business/Marketing
13% Psychology 
9% Social Sciences 
7% Liberal Arts 
5% Biology           
5% Public Administration and Social Services

https://www.msmu.edu/graduate-programs/   https://www.msmu.edu/undergraduate-bachelor-programs/     ",13:1 ratio,"1. Заполненная форма заявки (common app)
2. Заверенные копии в переводе на английский язык курсов и оценок среднего уровня, результатов государственных или национальных экзаменов и соответствующего диплома или сертификата, полученных в средней школе. Университет настоятельно рекомендует использовать SpanTran, чтобы мы могли наилучшим образом оценить вашу кандидатуру.
3. Официальные результаты теста по английскому языку как иностранному (TOEFL)
Обязательными пунктами являются: официальный транскрипт из средней школы*, по крайней мере одно (1) академическое рекомендательное письмо*. Необязательными пунктами являются: мотивационное эссе, дополнительные рекомендательные письма, резюме, стандартизированные результаты тестов
*В связи с закрытием многих школ в связи с COVID-19 мы временно отказываемся от требования о представлении рекомендательного письма и принимаем транскрипты из средней школы, представленные учащимися, вместо официальных копий.","TOEFL 83
IELTS 6.5",Не обязательно,3.34,"$42,590","	$12,877",Не доступно,"Каждому студенту, подающему заявку, предлагается стипендия за заслуги, основанная на академических достижениях, результатах тестов и внеклассных достижениях. Награды за заслуги продлеваются в течение ваших четырех лет. Все, что вам нужно сделать, это поддерживать общий средний балл по конкурсу (средний балл). Некоторые стипендии зависят от конкретного факультета; у них также есть свои собственные требования.
Награды за полное обучение предлагаются тем, кто обладает исключительными академическими заслугами.",100%,17K,$45,b.w.rockwell@msmary.edu,"https://msmary.edu/admissions/international-admissions.html
https://msmary.edu/admissions/financial-aid/net-price-calculator.html  price net calculator
https://msmary.edu/admissions/tuition-and-fees.html
https://msmary.edu/undergraduate-applications.html
msmu.edu/academics/financial-aid/prospective-students/traditional-undergraduate/types-of-aid/",,,,,$60 or a fee waiver,,,
Millsaps College,"Вуз предоставляет финансирование на основе достижений. Обязательно обрати внимание на уровни. Университет четко их разделяет. Если хочешь получить самую большую стипендию, то у тебя точно должно быть достижение 1 уровня.","Да, Merit based",?,"Джаксон, Мисиссипи",69%,"45% Business/Marketing
19% Biology 
8% Psychology   
7% Social Sciences

https://www.millsaps.edu/academics/majors-minors/",9:1 ratio,"Шаг 1: Отправьте либо Common Application or Millsaps International Application.

Шаг 2: Отправьте форму International Qualifications Self-Report form.","TOELF 80
IELTS: 6.5","Не обязательно, если можешь, то отправь

Ср. балл - 1080-1290",3.65,"$38,220",$20K,Не доступно,"Иностранные студенты будут автоматически рассматриваться на получение стипендий, основанных на заслугах. Для получения стипендий, основанных на заслугах, не требуется отдельного заявления. Окончательная награда будет определена на основе целостного анализа таких критериев, как средний балл студента (преобразованный Millsaps в средний балл США по шкале 4,0), строгость учебной программы студента и учебной программы средней школы и/или колледжа, лидерство, участие во внеклассной работе, рекомендательные письма, отношения выпускников/наследия, институциональная пригодность и проявленный интерес. Студенты могут претендовать на художественные, музыкальные или театральные таланты.
Уровень 1: 30 000 долларов
Уровень 2: 26 000-28 000 долларов США
Уровень 3: 23 000-25 000 долларов США
Уровень 4: 20 000-22 000 долларов США",95%,31K,нет,https://www.millsaps.edu/resources/contact/,"http://www.millsaps.edu/admissions/apply-international-students.php
http://www.millsaps.edu/admissions/international-students.php",,,,,,,,
Hampshire College,"Университет может предоставить финансирование на основе потребностей, но оно ограничено. А вот merit-based можно получить до 64к","Да, Merit based",#270,"Амхерст, Массачусетс",63%,"31% Visual and Performing Arts 
8% Social Sciences 
7% Computer and Information Sciences 
7% English 
6% Biology 
6% Education
6% Psychology     
5% Area and Ethnic Studies

https://www.hampshire.edu/academics/areas-of-study",?,"1. Common Application and Writing Supplement
2. Транскрипт средней школы (текущий или итоговый)
3. Отчет о школе и рекомендация консультанта колледжа
4. Одно (1) рекомендательное письмо преподавателя
5. Оценка TOEFL или IELTS
Дополнительные материалы:
1. Видео/медиа-дополнение. Это может быть музыка, танец, фильм, анимация, монолог и т. Д.
2. Образец проекта: Отправьте пример своей независимой или совместной проектной работы. Этот проект может быть творческим, научным или иным образом демонстрировать тип работы, которую вы выполняли в средней школе.
3. Дополнительные рекомендательные письма, до трех.","TOEFL 91
IELTS 6.5",Не обязательно,3.7,"$50,030",$13K,"Колледж Хэмпшир предлагает ограниченную финансовую помощь (грант) иностранным студентам, которые демонстрируют финансовую потребность.","Да, до 64к",95%,44K(64K max),нет,admissions@hampshire.edu - приемная комиссия,https://www.hampshire.edu/admissions/merit-scholarships,,,,,,,,
Missouri Western State University ,"Государственный вуз, высокий процент принятия. Конкурс на грант высокий, тут реально получить стипендию GPA и баллы за языковой экзамен у поступающих не очень высокие. ","Дa, need - based",#119-#156 in Regional Universities,"Сент-Джозеф, Миссури",74%,"17%Business/Marketing
15%Health Professions
12%Education
9%Security and Protective Services
7%Parks And Recreation
6%Biology
5%Visual and Performing Arts

https://www.missouriwestern.edu/sites/academics/","https://www.missouriwestern.edu/social-sciences-and-humanities/ - social-sciences-and-humanities

https://www.missouriwestern.edu/sites/academics/ - all majors","Онлайн-Заявка
Вступительный взнос в размере 50 Долларов США
Транскрипт
Неофициальный транскрипт 
Подтверждение владения языком
J1 Дополнительное приложение
Копия паспорта
Документы о финансовой Поддержке","TOEFL 72
IELTS 5.5
Duolingo 95",Не обязательно,2.5 - 3.5 ,"$9,648.60 - $14,365","$9,592","International Griffon Scholar Award For Incoming Freshmen (конкурентоспособная стипендия на полное обучение, проживание и питание, страхование и сборы для студента со значительными финансовыми потребностями.)",Не доступно,98%,"$8,039","$50 (если подаваться на грант, то будет 0. Если грант не получит, нужно будет заплатить $50)",https://www.missouriwestern.edu/contactus//,"https://www.missouriwestern.edu/finaid/scholarship-opportunities/ 

https://www.missouriwestern.edu/global/undergraduate-admissions-requirements/",,,,,,,,
Sewanee the University of the South ,"Университет предоставляет разные стипендии. Требования у вуза не самые высокие и они берут много студентов, ты можешь выделиться хорошими достижениями, высоким GPA и хорошими баллами за языковые экзамены. Oни выдают need-based aid, но также смотрят на академичческий профиль студента. Но есть минус, здесь не очень много программ.",Да,#46 in National Liberal Arts Colleges,"Севани, Теннесси",67%,"25%Social Sciences
12%Psychology
10%Biology
10%Interdisciplinary Studies
9%English
7%Environmental Science
7%History
6%Foreign Languages and Literature
5%Visual and Performing Arts

https://new.sewanee.edu/academics/","https://new.sewanee.edu/programs-of-study/ - ALL MAJORS 

ECONOMICS - https://new.sewanee.edu/programs-of-study/economics/ 

POLITICS - https://new.sewanee.edu/programs-of-study/politics/ 

","""1. Онлайн-заявка
2. Транскрипт средней школы (текущий или итоговый)мендация консультанта колледжа
3. Результаты экзаменов
4. Отчет о школе 
5. Оценка TOEFL или IELTS
6. Документы на финансирование","Duolingo: 115+
IELTS: 7.0+
PTE Academic: 70+
TOEFL iBT: 95+ ",Не обязательно,3.5,"$47,980","$13,700","Sewanee полностью удовлетворяет продемонстрированные потребности всех поступивших студентов первого курса, которые имеют право на получение финансовой помощи. Узнайте больше о стипендиях и помощи, основанной на потребностях, ниже.

GLOBAL SCHOLARSHIPS 

Sewanee ежегодно присуждает 10 Глобальных стипендий принятым международным заявителям (не являющимся гражданами США). Глобальные ученые получают прямые расходы на обучение, проживание, питание и оплату за четыре года обучения подряд в Sewanee. Эти стипендии предоставляются международным кандидатам с сильным академическим профилем, которые продемонстрировали высокую финансовую потребность. Кандидаты должны подать заявку на получение финансовой помощи, основанной на потребностях, для рассмотрения.",Не доступно,98%,"$25,979",$0,"TIM NEIL, C'13
INTERNATIONAL ENROLLMENT COORDINATOR, DSO

international@sewanee.edu |","https://new.sewanee.edu/admission-aid/application-process/application-review/international-applicant/

 https://new.sewanee.edu/admission-aid/cost-financial-aid/scholarships/

 https://new.sewanee.edu/admission-aid/application-process/application-review/international-applicant/international-aid/ """,,,,,,,,
Simmons University,"Этот университет - женский. Чтобы быть конкурентноспособной для получения стипендии, нужно набрать минимум 1300 на SAT. ","Да, мerit-based",#133 in National Universities ,"Бостон, Массачусетс ",74%,"38%Health Professions
10%Social Sciences
8%Biology
7%Parks And Recreation
6%Interdisciplinary Studies
5%Business/Marketing
5%Communications/Journalism

https://www.simmons.edu/undergraduate/academics/majors-minors?type=42&school_department=All",2.1% of student body,"1. Common Application 
2. Транскрипт
3. Языковой экзамен
4. Рекомендательные письма (2)
5. Интервью не обязательно, но рекомендуется
6. SAT (для гранта)","Только TOEFL или IELTS, минимум не написан, ориентироваться на 100+ и 7+ соответственно","Обязательно

Ср. Балл - 1300.",3.44/4.0,"$41,872","$7,946	",Не доступно,"Kotzen Scholarship

The Kotzen Scholarship предусматривает покрытие расходов на полное обучение, проживание и питание, а также дополнительные 3000 долларов США для академических занятий, таких как обучение за рубежом, поддержка исследований и многое другое. Эта стипендия присуждается в течение четырехлетнего периода очного обучения в бакалавриате и заменяет любую ранее присужденную стипендию за заслуги.",100%,"$37,138",$0,https://www.simmons.edu/about/contact-us,"https://engage.simmons.edu/portal/visitug?_ga=2.46983527.1126135279.1618670159-1126680004.1618670159 

https://www.simmons.edu/undergraduate/admission-and-financial-aid/tuition-financial-aid/applying-financial-aid 

https://www.simmons.edu/undergraduate/admission-and-financial-aid/tuition-financial-aid/types-financial-aid/scholarships/kotzen ",,,,,"Да, отдельное эссе нужно будет отправить для Kotzen",$0,,
North Central College,"По поводу стипендий: ты сначала подаёшь в университет, потом, если твоя заявка понравится приёмной комиссии, высылают приглашение на стипендию, которая покрывает все расходы","Да, Merit + Need = International Trustee Scholarship",#10 in Regional Universities Midwest,"Нейпервилл, штат Иллинойc",54%,"29%Business/Marketing
13%Psychology
11%Social Sciences
8%Education
7%Visual and Performing Arts
6%Parks And Recreation
5%Communications/Journalism

https://www.northcentralcollege.edu/majors ",3% от student body,"""1. Common Application 
2. Транскрипт
3. Языковой экзамен","TOEFL: 79+
 IELTS: 6.5+","Optional в целом, но можно подать, чтобы показать English Proficiency",3.66/4.0,"$42,026	","$11,878	","Много стипендий, где можно получить (Merit+need)","Много стипендий, где можно получить (Merit+need)",100%,"$22,759",$0 через их сайт,"kmlarsson@noctrl.edu 

Контакт иностранных студентов
Kimberly M Larsson
Executive Director
Center for Global Education","https://www.northcentralcollege.edu/international-students-how-apply 

https://www.northcentralcollege.edu/admission/international-scholarships",,,,,"Да, после номинации нужно будет отправить дополнительные материалы. Вероятнее всего, эссе, но на сайте четко не говорится",$0 через их сайт,,